"Level1","Level2"
"Private Office","Chair Private Office"
"Private Office","Deputy Chair Private Office"
"Private Office","CE Private Office"
"Private Office","FSA Board"
"Private Office","Executive Management Team"
"Private Office","NIFAC (Northern Ireland Food Advisory Committee)"
"Private Office","WFAC (Welsh Food Advisory Committee)"
"Private Office","Parliamentary Business"
"Private Office","Honours and Awards"
"Private Office","Public Bodies Information"
"Private Office","Complaints"
"Private Office","Public Finance"
"Private Office","FSA Strategy"
"Private Office","Organisational Reviews"
"Private Office","Internal Whistleblowing"
"Private Office","Private Office Templates"
"Organisational Governance","Risk"
"Organisational Governance","Organisational Design"
"Organisational Governance","Business Continuity"
"Organisational Governance","Organisation Performance"
"Organisational Governance","Project Delivery"
"Organisational Governance","Business Planning"
"Organisational Governance","Continuous Improvement"
"Organisational Governance","Operating Rhythym"
"Organisational Governance","Quarterly Review"
"Organisational Governance","Financial Governance"
"Organisational Governance","Organisational Governance Systems"
"Organisational Governance","Value for Money"
"Organisational Governance","Investment Board"
"Organisational Governance","Organisational Management Templates"
"Scientific Advisory Committees","ACMSF (Advisory Committee on Microbiological Safety of Food)"
"Scientific Advisory Committees","ACAF (Advisory Committee on Animal Feedingstuffs)"
"Scientific Advisory Committees","ACNFP (Advisory Committee on Novel Foods and Processes)"
"Scientific Advisory Committees","COT (Committee on Toxicity)"
"Scientific Advisory Committees","GACS (General Advisory Committee on Science)"
"Scientific Advisory Committees","SSRC (Social Science Research Committee)"
"Scientific Advisory Committees","SAC Shared"
"Scientific Advisory Committees","Science Council"
"Scientific Advisory Committees","Scientific Advisory Committee Templates"
"Food Policy","Contaminants"
"Food Policy","Meat Hygiene"
"Food Policy","Food Hygiene"
"Food Policy","Animal Feed"
"Food Policy","TSE"
"Food Policy","ABP (Animal Byproducts)"
"Food Policy","Foodborne Disease Strategy"
"Food Policy","Official Controls"
"Food Policy","General Food Law"
"Food Policy","Additives"
"Food Policy","Enzymes"
"Food Policy","Flavourings (including Energy Drinks)"
"Food Policy","Extraction Solvents"
"Food Policy","Food Contact Materials"
"Food Policy","Food Allergens"
"Food Policy","Novel Foods"
"Food Policy","GM Foods"
"Food Policy","Food Irradiation"
"Food Policy","Radiological Contamination"
"Food Policy","Residues"
"Food Policy","Supplements"
"Food Policy","Imported Food"
"Food Policy","Exported Food"
"Food Policy","Standards and Authenticity"
"Food Policy","Vulnerable Groups"
"Food Policy","EU-US FTA"
"Food Policy","AMR (Antimicrobial Resistance)"
"Food Policy","Devolved Food Policy: NI"
"Food Policy","Devolved Food Policy: Wales"
"Food Policy","Food Policy Templates"
"Risk Assessment","Chemical Risk Assessment"
"Risk Assessment","Microbiological Risk Assessment"
"Risk Assessment","Environmental Monitoring Templates"
"Science Evidence and Analytics","Data Science"
"Science Evidence and Analytics","Professions "
"Science Evidence and Analytics","Analytics"
"Science Evidence and Analytics","EFSA and EU?"
"Science Evidence and Analytics","CSA?(Chief Scientific Adviser)"
"Science Evidence and Analytics","Assurance?"
"Science Evidence and Analytics","Evidence Delivery"
"Science Evidence and Analytics","Strategy"
"Science Evidence and Analytics","Scientific Methods"
"Science Evidence and Analytics","Change Workstreams"
"Science Evidence and Analytics","Devolved - NI"
"Science Evidence and Analytics","Research Management Templates"
"Correspondence Management","Ministerial Correspondence"
"Correspondence Management","Treat Official"
"Correspondence Management","Branch"
"Correspondence Management","Invitations and Engagement"
"Correspondence Management","Complex Cases"
"Correspondence Management","Devolved Correspondence Management: Wales"
"Correspondence Management","Correspondence Management Templates"
"Consumer Protection","Incidents "
"Consumer Protection","Food Crime"
"Consumer Protection","Resilience"
"Consumer Protection","Emerging Risk"
"Consumer Protection","Projects"
"Consumer Protection","Devolved - NI"
"Consumer Protection","Devolved - Wales"
"Consumer Protection","Incidents Management Templates"
"Operations Delivery","Establishments"
"Operations Delivery","Field Logistics"
"Operations Delivery","Management and Planning"
"Operations Delivery","Issuing of Authorisation and Licences"
"Operations Delivery","Subject and Commodity Groups"
"Operations Delivery","Instructions and Guidance"
"Operations Delivery","Training"
"Operations Delivery","Agreements"
"Operations Delivery","Wine Standards Delivery"
"Operations Delivery","Devolved Delivery: NI"
"Operations Delivery","Operations Delivery Templates"
"Local Delivery and Support","Compliance/Enforcement Strategy"
"Local Delivery and Support","Local Delivery Audit"
"Local Delivery and Support","Local Authority Monitoring  and Liaison"
"Local Delivery and Support","Enforcement Officer Training"
"Local Delivery and Support","Food Codes of Practice"
"Local Delivery and Support","Industry Compliance"
"Local Delivery and Support","Hygiene Delivery"
"Local Delivery and Support","Prohibited Persons"
"Local Delivery and Support","Food Hygiene Rating Scheme"
"Local Delivery and Support","Feed Enforcement"
"Local Delivery and Support","Food And Feed Sampling"
"Local Delivery and Support","Imported Food and Feed Controls"
"Local Delivery and Support","Exported Food and Feed  Controls"
"Local Delivery and Support","Projects"
"Local Delivery and Support","Devolved Delivery: Wales"
"Local Delivery and Support","Devolved Delivery: NI"
"Local Delivery and Support","LA Delivery And Support Templates"
"Internal Audit","Business Audit"
"Internal Audit","Operational Audit"
"Internal Audit","Special Investigations"
"Internal Audit","Audit Management"
"Internal Audit","Government Internal Audit Service"
"Internal Audit","Internal Audit Reports"
"Internal Audit","Liaison with other audit functions"
"Internal Audit","Audit and Risk Committee"
"Internal Audit","Internal Audit Templates"
"Information Management","Enquiries"
"Information Management","Data Protection"
"Information Management","Information Management Systems"
"Information Management","E-mail Management"
"Information Management","Public Records Act"
"Information Management","Data Sharing"
"Information Management","Cabinet Office Mandates"
"Information Management","IM Standards"
"Information Management","Awareness Raising"
"Information Management","Information Management Group"
"Information Management","Paper Record Storage"
"Information Management","Projects"
"Information Management","Data Approach"
"Information Management","FOIs and EIRs"
"Information Management","Openness and Transparency"
"Information Management","Information Governance Board"
"Information Management","Data Management"
"Information Management","Information Management Templates"
"Finance","Accounts Receivable"
"Finance","Accounts Payable"
"Finance","Payroll"
"Finance","Accounting"
"Finance","Finance Systems"
"Finance","Finance Business Partners"
"Finance","Rolling Forecasts"
"Finance","Financial Reports (Published)"
"Finance","Finance Templates"
"Human Resources","HR Systems"
"Human Resources","HR Transactions"
"Human Resources","Pay & Reward"
"Human Resources","People and Organisational Development"
"Human Resources","HR Policy"
"Human Resources","Employee Relations"
"Human Resources","Equality and Diversity"
"Human Resources","Health Safety and Wellbeing"
"Human Resources","Senior Civil Service"
"Human Resources","Recruitment and Resourcing"
"Human Resources","Pensions"
"Human Resources","Job Evaluation"
"Human Resources","HR Business Partners"
"Human Resources","Authority To Recruit"
"Human Resources","Human Resources Templates"
"Information Technology","IT Strategy and Planning"
"Information Technology","IT Portfolio Management"
"Information Technology","IT Service Management"
"Information Technology","IT Business Engagement"
"Information Technology","IT Knowledge Management"
"Information Technology","IT Training"
"Information Technology","Information Technology Templates"
"Legal Services","Agency Investigations and Litigation"
"Legal Services","Food and Feed Policy Advice"
"Legal Services","Official Controls and Enforcement Advice"
"Legal Services","Corporate and Commercial Advice "
"Legal Services","Cross Government and Inter-Departmental Matters"
"Legal Services","Reference"
"Legal Services","Legal Services Templates"
"Communications","Press Office"
"Communications","Digital Communications"
"Communications","Communications Strategy"
"Communications","Marketing"
"Communications","Events Management"
"Communications","Consumer Engagement"
"Communications","Stakeholder Engagement"
"Communications","Internal Comms"
"Communications","Uned Iaith Gymraeg (Welsh Language Unit)"
"Communications","FSA Helpline"
"Communications","Branding and Publications"
"Communications","Liaison With OGD"
"Communications","Projects"
"Communications","Communications Templates"
"Procurement","Policies and Procedures"
"Procurement","Procurement Electronic Systems"
"Procurement","Procurement Management"
"Procurement","Corporate Services"
"Procurement","Operations"
"Procurement","Science"
"Procurement","Science and Evidence Projects"
"Procurement","Process Projects"
"Procurement","Devolved - Scotland"
"Procurement","Devolved - Wales"
"Procurement","Procurement Templates"
"Estates Management","Compliance"
"Estates Management","Buildings"
"Estates Management","Sustainability"
"Estates Management","Estates Management Templates"
"Better Regulation and Business Growth","Advice"
"Better Regulation and Business Growth","Agency Response and Reporting"
"Better Regulation and Business Growth","Agency  Initiatives"
"Better Regulation and Business Growth","Policy Development"
"Better Regulation and Business Growth","Regulatory Strategy Templates"
"International Business Strategy and Coordination","EU Business/Relations"
"International Business Strategy and Coordination","International Engagements"
"International Business Strategy and Coordination","Codex"
"International Business Strategy and Coordination","EU and International Committee"
"International Business Strategy and Coordination","International Business Templates"
"Portfolio","Portfolio Management"
"Portfolio","Regulatory Strategy Programme"
"Portfolio","Regulatory Strategy Programme - Projects"
"Portfolio","ISIP (Information Strategy and Implementation Programme)"
"Portfolio","ISIP Programme - Projects"
"Portfolio","Campylobacter"
"Portfolio","Campylobacter - Projects"
"Portfolio","IT Transformation Programme"
"Portfolio","IT Transformation Programme - Projects"
"Portfolio","Our Ways Of Working"
"Portfolio","Our Ways Of Working - Projects"
"Portfolio","Future Delivery Models"
"Portfolio","Future Delivery Models - Projects"
"Portfolio","Science Evidence and Information Strategy Delivery Programme"
"Portfolio","Science Evidence and Information Strategy Delivery Projects"
"Portfolio","Future Delivery Programme"
"Portfolio","Future Delivery Programme - Projects"
"Portfolio","Efficacy of Recalls and Withdrawals "
"Portfolio","Efficacy of Recalls and Withdrawals  - Projects"
"Portfolio","RS & FDM Shared Documents "
"Security","Compliance"
"Security","Information Security"
"Security","IT Security"
"Security","Personnel Security"
"Security","Physical Security"
"Dietary Health","Devolved - NI"
